c,u,s,t,o,m,e,r,i,d
c,u,s,t,n,a,m,e
c,u,s,t,m,o,r,c,i,t,y
s,u,b
101,John,New York,bhfl
104,David,San Francisco,bhfl
106,Liam,Dallas,bhfl
108,Noah,Boston,bhfl
110,Elijah,Miami,bhfl
112,James,Orlando,bhfl
115,Ava,San Diego,bhfl
118,Benjamin,Minneapolis,bhfl
120,Henry,Columbus,bhfl
122,Alexander,Memphis,bhfl
125,Abigail,San Antonio,bhfl
128,Matthew,Oklahoma City,bhfl
131,Sofia,Louisville,bhfl
134,Levi,Sacramento,bhfl
137,Scarlett,San Jose,bhfl
140,Wyatt,Houston,bhfl
143,Lily,Chicago,bhfl
146,Ryan,Miami,bhfl
149,Ellie,Denver,bhfl
